mean_fit_time,std_fit_time,mean_score_time,std_score_time,param_svc__C,param_svc__kernel,param_svc__degree,param_svc__gamma,params,split0_test_score,split1_test_score,split2_test_score,split3_test_score,split4_test_score,mean_test_score,std_test_score,rank_test_score
0.26018009185791013,0.022677475111721815,0.03412761688232422,0.008533852099356856,0.1,linear,,,"{'svc__C': 0.1, 'svc__kernel': 'linear'}",0.9241452991452992,0.9177350427350427,0.9177350427350427,0.9188034188034188,0.9165775401069519,0.9189992687051511,0.0026676315519677074,27
1.8789536952972412,0.09895581211858925,0.0296384334564209,0.002037346366938851,10.0,linear,,,"{'svc__C': 10, 'svc__kernel': 'linear'}",0.9241452991452992,0.9177350427350427,0.9198717948717948,0.9198717948717948,0.9155080213903743,0.9194263906028611,0.002859340576174929,25
10.505783224105835,1.0862963798505383,0.029193305969238283,0.0029234467955911014,100.0,linear,,,"{'svc__C': 100, 'svc__kernel': 'linear'}",0.9241452991452992,0.9177350427350427,0.9198717948717948,0.9198717948717948,0.9155080213903743,0.9194263906028611,0.002859340576174929,25
0.6743828296661377,0.09139619871702466,0.10252370834350585,0.008371759174447449,0.1,poly,2.0,scale,"{'svc__C': 0.1, 'svc__degree': 2, 'svc__gamma': 'scale', 'svc__kernel': 'poly'}",0.7841880341880342,0.7692307692307693,0.7905982905982906,0.7681623931623932,0.7657754010695187,0.7755909776498011,0.009910706183506245,44
0.5706316947937011,0.061084537863938075,0.09911608695983887,0.013891330549570133,0.1,poly,2.0,auto,"{'svc__C': 0.1, 'svc__degree': 2, 'svc__gamma': 'auto', 'svc__kernel': 'poly'}",0.7841880341880342,0.7692307692307693,0.7905982905982906,0.7681623931623932,0.7657754010695187,0.7755909776498011,0.009910706183506245,44
0.6287188529968262,0.01442974863668536,0.11433873176574708,0.0024695638965521235,0.1,poly,2.0,0.01,"{'svc__C': 0.1, 'svc__degree': 2, 'svc__gamma': 0.01, 'svc__kernel': 'poly'}",0.5769230769230769,0.5683760683760684,0.5662393162393162,0.5673076923076923,0.5754010695187166,0.5708494446729742,0.004416360079154876,49
0.4627957820892334,0.06510913566568487,0.06805157661437988,0.004051033334910016,0.1,poly,2.0,0.1,"{'svc__C': 0.1, 'svc__degree': 2, 'svc__gamma': 0.1, 'svc__kernel': 'poly'}",0.8547008547008547,0.8760683760683761,0.8653846153846154,0.8504273504273504,0.8620320855614974,0.8617226564285388,0.008901629052398403,42
0.4989424705505371,0.043180281484664546,0.09414076805114746,0.005483305737146617,0.1,poly,3.0,scale,"{'svc__C': 0.1, 'svc__degree': 3, 'svc__gamma': 'scale', 'svc__kernel': 'poly'}",0.9049145299145299,0.9198717948717948,0.9006410256410257,0.8963675213675214,0.9090909090909091,0.9061771561771561,0.008056115521883312,33
0.5042733192443848,0.006094568026335896,0.08264098167419434,0.002910317122090062,0.1,poly,3.0,auto,"{'svc__C': 0.1, 'svc__degree': 3, 'svc__gamma': 'auto', 'svc__kernel': 'poly'}",0.9049145299145299,0.9198717948717948,0.9006410256410257,0.8963675213675214,0.9090909090909091,0.9061771561771561,0.008056115521883312,33
0.7357234954833984,0.08426848723851367,0.1420126438140869,0.021711975531473485,0.1,poly,3.0,0.01,"{'svc__C': 0.1, 'svc__degree': 3, 'svc__gamma': 0.01, 'svc__kernel': 'poly'}",0.5405982905982906,0.5448717948717948,0.5459401709401709,0.5470085470085471,0.5540106951871657,0.5464858997211938,0.004346557316844512,50
0.25132107734680176,0.0041876767377790666,0.03718633651733398,0.0013328534419277654,0.1,poly,3.0,0.1,"{'svc__C': 0.1, 'svc__degree': 3, 'svc__gamma': 0.1, 'svc__kernel': 'poly'}",0.9540598290598291,0.9284188034188035,0.936965811965812,0.9401709401709402,0.9390374331550803,0.9397305635540931,0.008265615282019946,5
0.7934143543243408,0.02328319419453854,0.12065982818603516,0.011767557370593377,0.1,poly,4.0,scale,"{'svc__C': 0.1, 'svc__degree': 4, 'svc__gamma': 'scale', 'svc__kernel': 'poly'}",0.7521367521367521,0.7318376068376068,0.7307692307692307,0.7264957264957265,0.7336898395721925,0.7349858311623019,0.008895016548566136,46
0.7125042915344239,0.04698880526303678,0.10602817535400391,0.006676068299619121,0.1,poly,4.0,auto,"{'svc__C': 0.1, 'svc__degree': 4, 'svc__gamma': 'auto', 'svc__kernel': 'poly'}",0.7521367521367521,0.7318376068376068,0.7307692307692307,0.7264957264957265,0.7336898395721925,0.7349858311623019,0.008895016548566136,46
0.7212772846221924,0.0393114374344407,0.1273496150970459,0.0144873025622324,0.1,poly,4.0,0.01,"{'svc__C': 0.1, 'svc__degree': 4, 'svc__gamma': 0.01, 'svc__kernel': 'poly'}",0.5160256410256411,0.5160256410256411,0.5160256410256411,0.5160256410256411,0.5165775401069519,0.5161360208419032,0.0002207596325243255,51
0.42051472663879397,0.03043933918086994,0.06114015579223633,0.004798354957197475,0.1,poly,4.0,0.1,"{'svc__C': 0.1, 'svc__degree': 4, 'svc__gamma': 0.1, 'svc__kernel': 'poly'}",0.9273504273504274,0.9145299145299145,0.9241452991452992,0.9252136752136753,0.9165775401069519,0.9215633712692538,0.005055870144961108,20
0.5995207309722901,0.037922477344435754,0.03936333656311035,0.001939176474117358,10.0,poly,2.0,scale,"{'svc__C': 10, 'svc__degree': 2, 'svc__gamma': 'scale', 'svc__kernel': 'poly'}",0.9188034188034188,0.9241452991452992,0.9401709401709402,0.9209401709401709,0.9197860962566845,0.9247691850633026,0.007908048865702282,17
0.5665101528167724,0.02799307122450219,0.04016108512878418,0.00279815680143526,10.0,poly,2.0,auto,"{'svc__C': 10, 'svc__degree': 2, 'svc__gamma': 'auto', 'svc__kernel': 'poly'}",0.9188034188034188,0.9241452991452992,0.9401709401709402,0.9209401709401709,0.9197860962566845,0.9247691850633026,0.007908048865702282,17
0.4723374366760254,0.05444437318961699,0.0703505516052246,0.005895582765245083,10.0,poly,2.0,0.01,"{'svc__C': 10, 'svc__degree': 2, 'svc__gamma': 0.01, 'svc__kernel': 'poly'}",0.8547008547008547,0.8760683760683761,0.8653846153846154,0.8504273504273504,0.8620320855614974,0.8617226564285388,0.008901629052398403,42
1.5259211540222168,0.17005890022632963,0.029826593399047852,0.0025383041916820174,10.0,poly,2.0,0.1,"{'svc__C': 10, 'svc__degree': 2, 'svc__gamma': 0.1, 'svc__kernel': 'poly'}",0.9337606837606838,0.9348290598290598,0.9337606837606838,0.9294871794871795,0.9368983957219251,0.9337472005119064,0.0024186191746890188,14
0.26721949577331544,0.026417045929912234,0.03693146705627441,0.00258535170566107,10.0,poly,3.0,scale,"{'svc__C': 10, 'svc__degree': 3, 'svc__gamma': 'scale', 'svc__kernel': 'poly'}",0.9444444444444444,0.9358974358974359,0.9423076923076923,0.9358974358974359,0.9379679144385027,0.9393029845971022,0.0034768035322086392,7
0.22492680549621583,0.015727264555727653,0.03407001495361328,0.0038419796706348043,10.0,poly,3.0,auto,"{'svc__C': 10, 'svc__degree': 3, 'svc__gamma': 'auto', 'svc__kernel': 'poly'}",0.9444444444444444,0.9358974358974359,0.9423076923076923,0.9358974358974359,0.9379679144385027,0.9393029845971022,0.0034768035322086392,7
0.3556380748748779,0.021441729457618432,0.06329913139343261,0.0035381153696253335,10.0,poly,3.0,0.01,"{'svc__C': 10, 'svc__degree': 3, 'svc__gamma': 0.01, 'svc__kernel': 'poly'}",0.9316239316239316,0.9348290598290598,0.9241452991452992,0.9294871794871795,0.9315508021390374,0.9303272544449015,0.0035317698012229653,16
0.26703314781188964,0.005851509564760648,0.025833797454833985,0.001683071978225613,10.0,poly,3.0,0.1,"{'svc__C': 10, 'svc__degree': 3, 'svc__gamma': 0.1, 'svc__kernel': 'poly'}",0.9049145299145299,0.905982905982906,0.9230769230769231,0.8888888888888888,0.9101604278074866,0.9066047351341469,0.010964219984775588,32
0.4439365386962891,0.004284972873973444,0.05347776412963867,0.004295231940257425,10.0,poly,4.0,scale,"{'svc__C': 10, 'svc__degree': 4, 'svc__gamma': 'scale', 'svc__kernel': 'poly'}",0.9252136752136753,0.9102564102564102,0.9220085470085471,0.9177350427350427,0.9165775401069519,0.9183582430641255,0.005089609913534967,29
0.4846379280090332,0.044736974880462424,0.06330804824829102,0.008388224747714022,10.0,poly,4.0,auto,"{'svc__C': 10, 'svc__degree': 4, 'svc__gamma': 'auto', 'svc__kernel': 'poly'}",0.9252136752136753,0.9102564102564102,0.9220085470085471,0.9177350427350427,0.9165775401069519,0.9183582430641255,0.005089609913534967,29
0.7347339630126953,0.037995514777961065,0.12621502876281737,0.017140409093465675,10.0,poly,4.0,0.01,"{'svc__C': 10, 'svc__degree': 4, 'svc__gamma': 0.01, 'svc__kernel': 'poly'}",0.7222222222222222,0.7051282051282052,0.7029914529914529,0.7008547008547008,0.7165775401069518,0.7095548242607066,0.008344416763495647,48
0.4408731937408447,0.04827459653637516,0.04673638343811035,0.00688605024317753,10.0,poly,4.0,0.1,"{'svc__C': 10, 'svc__degree': 4, 'svc__gamma': 0.1, 'svc__kernel': 'poly'}",0.8728632478632479,0.8696581196581197,0.8974358974358975,0.8782051282051282,0.881283422459893,0.8798891631244572,0.00966132033800791,39
1.6223567962646483,0.33671814464241584,0.029810428619384766,0.004557966311429622,100.0,poly,2.0,scale,"{'svc__C': 100, 'svc__degree': 2, 'svc__gamma': 'scale', 'svc__kernel': 'poly'}",0.9305555555555556,0.9358974358974359,0.9358974358974359,0.9305555555555556,0.9368983957219251,0.9339608757255815,0.0028043525187862843,12
1.5985838413238525,0.2936664682364768,0.03058633804321289,0.008603356912395096,100.0,poly,2.0,auto,"{'svc__C': 100, 'svc__degree': 2, 'svc__gamma': 'auto', 'svc__kernel': 'poly'}",0.9305555555555556,0.9358974358974359,0.9358974358974359,0.9305555555555556,0.9368983957219251,0.9339608757255815,0.0028043525187862843,12
0.6429553031921387,0.020360420765216092,0.042907094955444335,0.003047107534552754,100.0,poly,2.0,0.01,"{'svc__C': 100, 'svc__degree': 2, 'svc__gamma': 0.01, 'svc__kernel': 'poly'}",0.9155982905982906,0.9230769230769231,0.936965811965812,0.9166666666666666,0.9197860962566845,0.9224187577128753,0.0077276930385754,19
6.386345243453979,0.9564996238622598,0.020751190185546876,0.00669604801419366,100.0,poly,2.0,0.1,"{'svc__C': 100, 'svc__degree': 2, 'svc__gamma': 0.1, 'svc__kernel': 'poly'}",0.9155982905982906,0.9209401709401709,0.9188034188034188,0.9198717948717948,0.9176470588235294,0.9185721468074408,0.0018466032953059297,28
0.26557393074035646,0.03159782681436492,0.035806894302368164,0.008159342163192501,100.0,poly,3.0,scale,"{'svc__C': 100, 'svc__degree': 3, 'svc__gamma': 'scale', 'svc__kernel': 'poly'}",0.9262820512820513,0.9145299145299145,0.9284188034188035,0.9081196581196581,0.9219251336898395,0.9198551122080534,0.007549913309715609,23
0.2985818862915039,0.00769398000451602,0.026694822311401366,0.004494187887277177,100.0,poly,3.0,auto,"{'svc__C': 100, 'svc__degree': 3, 'svc__gamma': 'auto', 'svc__kernel': 'poly'}",0.9262820512820513,0.9145299145299145,0.9284188034188035,0.9081196581196581,0.9219251336898395,0.9198551122080534,0.007549913309715609,23
0.2529438018798828,0.02645278154782427,0.045052623748779295,0.005877820744731609,100.0,poly,3.0,0.01,"{'svc__C': 100, 'svc__degree': 3, 'svc__gamma': 0.01, 'svc__kernel': 'poly'}",0.9540598290598291,0.9284188034188035,0.936965811965812,0.9401709401709402,0.9379679144385027,0.9395166598107775,0.008294573021553819,6
0.36595582962036133,0.03151180791503968,0.024207448959350585,0.003409951365165182,100.0,poly,3.0,0.1,"{'svc__C': 100, 'svc__degree': 3, 'svc__gamma': 0.1, 'svc__kernel': 'poly'}",0.8910256410256411,0.9017094017094017,0.907051282051282,0.8728632478632479,0.8941176470588236,0.8933534439416793,0.011690197665100294,38
0.3830589294433594,0.030964484747106287,0.04757590293884277,0.004890232914414809,100.0,poly,4.0,scale,"{'svc__C': 100, 'svc__degree': 4, 'svc__gamma': 'scale', 'svc__kernel': 'poly'}",0.8985042735042735,0.8942307692307693,0.9102564102564102,0.8835470085470085,0.906951871657754,0.8986980666392432,0.009500204920792921,36
0.36246614456176757,0.013458037169756716,0.047667646408081056,0.0033417048946913644,100.0,poly,4.0,auto,"{'svc__C': 100, 'svc__degree': 4, 'svc__gamma': 'auto', 'svc__kernel': 'poly'}",0.8985042735042735,0.8942307692307693,0.9102564102564102,0.8835470085470085,0.906951871657754,0.8986980666392432,0.009500204920792921,36
0.5612531661987304,0.062230951710893226,0.08035035133361816,0.005597321361387928,100.0,poly,4.0,0.01,"{'svc__C': 100, 'svc__degree': 4, 'svc__gamma': 0.01, 'svc__kernel': 'poly'}",0.9038461538461539,0.9145299145299145,0.9081196581196581,0.8974358974358975,0.906951871657754,0.9061766991178756,0.00558543185754387,35
0.3603628158569336,0.019962661802336575,0.04040193557739258,0.0015727519345674558,100.0,poly,4.0,0.1,"{'svc__C': 100, 'svc__degree': 4, 'svc__gamma': 0.1, 'svc__kernel': 'poly'}",0.8653846153846154,0.8664529914529915,0.8974358974358975,0.8803418803418803,0.8641711229946524,0.8747573015220074,0.01276230559253567,40
0.409592342376709,0.005607784100513335,0.1916436195373535,0.010583591289312817,0.1,rbf,,scale,"{'svc__C': 0.1, 'svc__gamma': 'scale', 'svc__kernel': 'rbf'}",0.9294871794871795,0.9155982905982906,0.9177350427350427,0.9252136752136753,0.9165775401069519,0.9209223456282281,0.005461752197871996,21
0.3823860168457031,0.020742338791734996,0.18433828353881837,0.016876930742261504,0.1,rbf,,auto,"{'svc__C': 0.1, 'svc__gamma': 'auto', 'svc__kernel': 'rbf'}",0.9294871794871795,0.9155982905982906,0.9177350427350427,0.9252136752136753,0.9165775401069519,0.9209223456282281,0.005461752197871996,21
0.33961896896362304,0.004931802923269022,0.16646132469177247,0.004567326195970111,0.1,rbf,,0.01,"{'svc__C': 0.1, 'svc__gamma': 0.01, 'svc__kernel': 'rbf'}",0.9220085470085471,0.9123931623931624,0.9155982905982906,0.9220085470085471,0.9122994652406418,0.9168616024498377,0.004367106270077384,31
0.5488534927368164,0.0028455049384562866,0.28872385025024416,0.023986903262515735,0.1,rbf,,0.1,"{'svc__C': 0.1, 'svc__gamma': 0.1, 'svc__kernel': 'rbf'}",0.8803418803418803,0.8493589743589743,0.8782051282051282,0.8664529914529915,0.8716577540106952,0.869203345673934,0.011067851506034659,41
0.2720883846282959,0.02172844452185831,0.09287018775939941,0.0031274453940529435,10.0,rbf,,scale,"{'svc__C': 10, 'svc__gamma': 'scale', 'svc__kernel': 'rbf'}",0.9529914529914529,0.9465811965811965,0.9444444444444444,0.9487179487179487,0.948663101604278,0.9482796288678641,0.0028331528019582834,1
0.25631084442138674,0.01817710440304724,0.09068827629089356,0.002738961504348065,10.0,rbf,,auto,"{'svc__C': 10, 'svc__gamma': 'auto', 'svc__kernel': 'rbf'}",0.9529914529914529,0.9465811965811965,0.9444444444444444,0.9487179487179487,0.948663101604278,0.9482796288678641,0.0028331528019582834,1
0.20220422744750977,0.00525530740291586,0.0818206787109375,0.0015726814794036227,10.0,rbf,,0.01,"{'svc__C': 10, 'svc__gamma': 0.01, 'svc__kernel': 'rbf'}",0.9529914529914529,0.9358974358974359,0.9401709401709402,0.9412393162393162,0.9358288770053476,0.9412256044608984,0.006277925515510663,4
0.4843418598175049,0.009705180054705578,0.1853757381439209,0.0004868420610392438,10.0,rbf,,0.1,"{'svc__C': 10, 'svc__gamma': 0.1, 'svc__kernel': 'rbf'}",0.9358974358974359,0.9326923076923077,0.9455128205128205,0.9391025641025641,0.9358288770053476,0.937806801042095,0.00435379464301837,9
0.3227678775787354,0.026473625881388643,0.08459219932556153,0.004718370949399136,100.0,rbf,,scale,"{'svc__C': 100, 'svc__gamma': 'scale', 'svc__kernel': 'rbf'}",0.936965811965812,0.9284188034188035,0.9391025641025641,0.9326923076923077,0.9368983957219251,0.9348155765802824,0.003814888922530627,10
0.31125173568725584,0.005765695173371094,0.08452095985412597,0.004031360846485076,100.0,rbf,,auto,"{'svc__C': 100, 'svc__gamma': 'auto', 'svc__kernel': 'rbf'}",0.936965811965812,0.9284188034188035,0.9391025641025641,0.9326923076923077,0.9368983957219251,0.9348155765802824,0.003814888922530627,10
0.2892502784729004,0.008923122335871662,0.06889362335205078,0.0015253500275172647,100.0,rbf,,0.01,"{'svc__C': 100, 'svc__gamma': 0.01, 'svc__kernel': 'rbf'}",0.9476495726495726,0.9444444444444444,0.9391025641025641,0.9465811965811965,0.9497326203208556,0.9455020796197268,0.003626184920052372,3
0.47727508544921876,0.02561134842225987,0.15957298278808593,0.009234092851430124,100.0,rbf,,0.1,"{'svc__C': 100, 'svc__gamma': 0.1, 'svc__kernel': 'rbf'}",0.936965811965812,0.9230769230769231,0.9423076923076923,0.9262820512820513,0.93048128342246,0.9318227524109878,0.007005333182796372,15
