Model,Accuracy,Precision,Recall,F1,Train_Time_s,Pred_Time_s,Latency_ms/URL
Linear SVM,0.9197,0.9322,0.9106,0.9213,0.3774,0.021138,0.018067
Poly SVM (deg 2),0.8556,0.8281,0.9089,0.8666,0.4497,0.050984,0.043576
Poly SVM (deg 3),0.9316,0.9441,0.9222,0.933,0.2562,0.036112,0.030865
Poly SVM (deg 4),0.9145,0.895,0.9454,0.9195,0.5139,0.07637,0.065273
RBF SVM,0.9359,0.9475,0.9272,0.9372,0.2446,0.140492,0.120079
Logistic Reg,0.9179,0.9247,0.9156,0.9201,0.0134,0.000437,0.000373
KNN k=3,0.9085,0.9121,0.9106,0.9114,0.0013,0.093415,0.079842
KNN k=5,0.9171,0.9176,0.9222,0.9199,0.0023,0.012232,0.010455
KNN k=7,0.9171,0.9122,0.9288,0.9204,0.0012,0.011854,0.010131
KNN k=9,0.9145,0.9145,0.9205,0.9175,0.0012,0.011136,0.009518
