Feature,Coefficient,Abs_Coef,Direction
URL_of_Anchor,-1.1530785563667452,1.1530785563667452,-> Legitimate
SSLfinal_State,-0.9970709410145795,0.9970709410145795,-> Legitimate
Prefix_Suffix,-0.9939639144770034,0.9939639144770034,-> Legitimate
SFH,-0.39759381585855136,0.39759381585855136,-> Legitimate
port,-0.34909410862474155,0.34909410862474155,-> Legitimate
having_IP_Address,-0.3317225851773795,0.3317225851773795,-> Legitimate
Links_in_tags,-0.3250026265661419,0.3250026265661419,-> Legitimate
having_Sub_Domain,-0.3174880981701984,0.3174880981701984,-> Legitimate
Shortining_Service,0.29881042043469863,0.29881042043469863,-> Phishing
web_traffic,-0.286613435734008,0.286613435734008,-> Legitimate
Google_Index,-0.268668836834616,0.268668836834616,-> Legitimate
Links_pointing_to_page,-0.26158195344174695,0.26158195344174695,-> Legitimate
Redirect,0.2328972427180177,0.2328972427180177,-> Phishing
Submitting_to_email,0.20601989301383017,0.20601989301383017,-> Phishing
DNSRecord,-0.17905376432128017,0.17905376432128017,-> Legitimate
HTTPS_token,0.15745561812007924,0.15745561812007924,-> Phishing
Request_URL,-0.14609107308418057,0.14609107308418057,-> Legitimate
Favicon,0.13717740732996453,0.13717740732996453,-> Phishing
Statistical_report,-0.13036831310764202,0.13036831310764202,-> Legitimate
having_At_Symbol,-0.12509660320994098,0.12509660320994098,-> Legitimate
popUpWidnow,0.10243732641588299,0.10243732641588299,-> Phishing
double_slash_redirecting,-0.09057797003762696,0.09057797003762696,-> Legitimate
Abnormal_URL,0.08635117698602768,0.08635117698602768,-> Phishing
URL_Length,0.06612896558241382,0.06612896558241382,-> Phishing
age_of_domain,-0.0645253292098773,0.0645253292098773,-> Legitimate
on_mouseover,-0.06397913044297132,0.06397913044297132,-> Legitimate
Page_Rank,-0.05851260713841344,0.05851260713841344,-> Legitimate
Iframe,0.048503675632608656,0.048503675632608656,-> Phishing
Domain_registeration_length,0.020505482644370465,0.020505482644370465,-> Phishing
RightClick,-0.007072218793127499,0.007072218793127499,-> Legitimate
