mean_fit_time,param_svc__C,param_svc__kernel,param_svc__degree,param_svc__gamma,mean_test_score,std_test_score,rank_test_score
0.2720883846282959,10.0,rbf,,scale,0.9482796288678641,0.0028331528019582834,1
0.25631084442138674,10.0,rbf,,auto,0.9482796288678641,0.0028331528019582834,1
0.2892502784729004,100.0,rbf,,0.01,0.9455020796197268,0.003626184920052372,3
0.20220422744750977,10.0,rbf,,0.01,0.9412256044608984,0.006277925515510663,4
0.25132107734680176,0.1,poly,3.0,0.1,0.9397305635540931,0.008265615282019946,5
0.2529438018798828,100.0,poly,3.0,0.01,0.9395166598107775,0.008294573021553819,6
0.22492680549621583,10.0,poly,3.0,auto,0.9393029845971022,0.0034768035322086392,7
0.26721949577331544,10.0,poly,3.0,scale,0.9393029845971022,0.0034768035322086392,7
0.4843418598175049,10.0,rbf,,0.1,0.937806801042095,0.00435379464301837,9
0.31125173568725584,100.0,rbf,,auto,0.9348155765802824,0.003814888922530627,10
0.3227678775787354,100.0,rbf,,scale,0.9348155765802824,0.003814888922530627,10
1.5985838413238525,100.0,poly,2.0,auto,0.9339608757255815,0.0028043525187862843,12
1.6223567962646483,100.0,poly,2.0,scale,0.9339608757255815,0.0028043525187862843,12
1.5259211540222168,10.0,poly,2.0,0.1,0.9337472005119064,0.0024186191746890188,14
0.47727508544921876,100.0,rbf,,0.1,0.9318227524109878,0.007005333182796372,15
0.3556380748748779,10.0,poly,3.0,0.01,0.9303272544449015,0.0035317698012229653,16
0.5665101528167724,10.0,poly,2.0,auto,0.9247691850633026,0.007908048865702282,17
0.5995207309722901,10.0,poly,2.0,scale,0.9247691850633026,0.007908048865702282,17
0.6429553031921387,100.0,poly,2.0,0.01,0.9224187577128753,0.0077276930385754,19
0.42051472663879397,0.1,poly,4.0,0.1,0.9215633712692538,0.005055870144961108,20
